{
  "version": "7",
  "dialect": "mysql",
  "entries": [
    {
      "idx": 0,
      "version": "5",
      "when": 1771470144338,
      "tag": "0000_black_malice",
      "breakpoints": true
    },
    {
      "idx": 1,
      "version": "5",
      "when": 1771470218196,
      "tag": "0001_nosy_leper_queen",
      "breakpoints": true
    },
    {
      "idx": 2,
      "version": "5",
      "when": 1771532703754,
      "tag": "0002_bouncy_silver_centurion",
      "breakpoints": true
    },
    {
      "idx": 3,
      "version": "5",
      "when": 1771538022601,
      "tag": "0003_foamy_leopardon",
      "breakpoints": true
    }
  ]
}